depth,value
0.16667,75.7
0.33333,75.65
0.5,75.75
0.66667,75.6
0.83333,74.86
1,74.66